timestamp, q0, q1, q2, q3
1540674777185, 0.854248, 0.000000, 0.000000, 0.000000
1540674777185, 0.854248, -0.013733, 0.000000, 0.000000
1540674777185, 0.854248, -0.013733, 0.021606, 0.000000
1540674777185, 0.854248, -0.013733, 0.021606, 0.519165
1540674777186, 0.854248, -0.013733, 0.021606, 0.519165
1540674777186, 0.854248, -0.013672, 0.021606, 0.519165
1540674777186, 0.854248, -0.013672, 0.021545, 0.519165
1540674777186, 0.854248, -0.013672, 0.021545, 0.519226
1540674777186, 0.854248, -0.013672, 0.021545, 0.519226
1540674777186, 0.854248, -0.013672, 0.021545, 0.519226
1540674777186, 0.854248, -0.013672, 0.021606, 0.519226
1540674777186, 0.854248, -0.013672, 0.021606, 0.519226
1540674777186, 0.854187, -0.013672, 0.021606, 0.519226
1540674777187, 0.854187, -0.013977, 0.021606, 0.519226
1540674777187, 0.854187, -0.013977, 0.021179, 0.519226
1540674777187, 0.854187, -0.013977, 0.021179, 0.519226
1540674777187, 0.854187, -0.013977, 0.021179, 0.519226
1540674777187, 0.854187, -0.013977, 0.021179, 0.519226
1540674777187, 0.854187, -0.013977, 0.021179, 0.519226
1540674777187, 0.854187, -0.013977, 0.021179, 0.519226
1540674777187, 0.854187, -0.013977, 0.021179, 0.519226
1540674777187, 0.854187, -0.014038, 0.021179, 0.519226
1540674777187, 0.854187, -0.014038, 0.021362, 0.519226
1540674777188, 0.854187, -0.014038, 0.021362, 0.519226
1540674777200, 0.854187, -0.014038, 0.021362, 0.519226
1540674777200, 0.854187, -0.013916, 0.021362, 0.519226
1540674777202, 0.854187, -0.013916, 0.021484, 0.519226
1540674777202, 0.854187, -0.013916, 0.021484, 0.519226
1540674777259, 0.854187, -0.013916, 0.021484, 0.519226
1540674777261, 0.854187, -0.013977, 0.021484, 0.519226
1540674777262, 0.854187, -0.013977, 0.021606, 0.519226
1540674777262, 0.854187, -0.013977, 0.021606, 0.519226
1540674777349, 0.854187, -0.013977, 0.021606, 0.519226
1540674777349, 0.854187, -0.013794, 0.021606, 0.519226
1540674777350, 0.854187, -0.013794, 0.021301, 0.519226
1540674777351, 0.854187, -0.013794, 0.021301, 0.519226
1540674777352, 0.854187, -0.013794, 0.021301, 0.519226
1540674777409, 0.854187, -0.013794, 0.021301, 0.519226
1540674777410, 0.854187, -0.013672, 0.021301, 0.519226
1540674777412, 0.854187, -0.013672, 0.021240, 0.519226
1540674777414, 0.854187, -0.013672, 0.021240, 0.519287
1540674777469, 0.854187, -0.013672, 0.021240, 0.519287
1540674777469, 0.854187, -0.013550, 0.021240, 0.519287
1540674777470, 0.854187, -0.013550, 0.021301, 0.519287
1540674777471, 0.854187, -0.013550, 0.021301, 0.519287
1540674777529, 0.854187, -0.013550, 0.021301, 0.519287
1540674777529, 0.854187, -0.013855, 0.021301, 0.519287
1540674777530, 0.854187, -0.013855, 0.021362, 0.519287
1540674777531, 0.854187, -0.013855, 0.021362, 0.519287
1540674777589, 0.854187, -0.013855, 0.021362, 0.519287
1540674777589, 0.854187, -0.014099, 0.021362, 0.519287
1540674777590, 0.854187, -0.014099, 0.021423, 0.519287
1540674777592, 0.854187, -0.014099, 0.021423, 0.519226
1540674777649, 0.854187, -0.014099, 0.021423, 0.519226
1540674777650, 0.854187, -0.014160, 0.021423, 0.519226
1540674777650, 0.854187, -0.014160, 0.021484, 0.519226
1540674777651, 0.854187, -0.014160, 0.021484, 0.519226
1540674777680, 0.854187, -0.014160, 0.021484, 0.519226
1540674777680, 0.854187, -0.014099, 0.021484, 0.519226
1540674777681, 0.854187, -0.014099, 0.021545, 0.519226
1540674777682, 0.854187, -0.014099, 0.021545, 0.519226
1540674777740, 0.854187, -0.014099, 0.021545, 0.519226
1540674777740, 0.854187, -0.014099, 0.021545, 0.519226
1540674777741, 0.854187, -0.014099, 0.020874, 0.519226
1540674777742, 0.854187, -0.014099, 0.020874, 0.519287
1540674777800, 0.854187, -0.014099, 0.020874, 0.519287
1540674777801, 0.854187, -0.014343, 0.020874, 0.519287
1540674777802, 0.854187, -0.014343, 0.021240, 0.519287
1540674777802, 0.854187, -0.014343, 0.021240, 0.519287
1540674777859, 0.854187, -0.014343, 0.021240, 0.519287
1540674777860, 0.854187, -0.013977, 0.021240, 0.519287
1540674777860, 0.854187, -0.013977, 0.021545, 0.519287
1540674777861, 0.854187, -0.013977, 0.021545, 0.519287
1540674777919, 0.854187, -0.013977, 0.021545, 0.519287
1540674777919, 0.854187, -0.013855, 0.021545, 0.519287
1540674777920, 0.854187, -0.013855, 0.021606, 0.519287
1540674777921, 0.854187, -0.013855, 0.021606, 0.519287
1540674777979, 0.854187, -0.013855, 0.021606, 0.519287
1540674777979, 0.854187, -0.013794, 0.021606, 0.519287
1540674777980, 0.854187, -0.013794, 0.021423, 0.519287
1540674777982, 0.854187, -0.013794, 0.021423, 0.519287
1540674778009, 0.854187, -0.013794, 0.021423, 0.519287
1540674778009, 0.854187, -0.013916, 0.021423, 0.519287
1540674778012, 0.854187, -0.013916, 0.021606, 0.519287
1540674778015, 0.854187, -0.013916, 0.021606, 0.519287
1540674778069, 0.854187, -0.013916, 0.021606, 0.519287
1540674778069, 0.854187, -0.013733, 0.021606, 0.519287
1540674778071, 0.854187, -0.013733, 0.021729, 0.519287
1540674778072, 0.854187, -0.013733, 0.021729, 0.519287
1540674778129, 0.854187, -0.013733, 0.021729, 0.519287
1540674778129, 0.854187, -0.013550, 0.021729, 0.519287
1540674778130, 0.854187, -0.013550, 0.021423, 0.519287
1540674778132, 0.854187, -0.013550, 0.021423, 0.519287
1540674778189, 0.854187, -0.013550, 0.021423, 0.519287
1540674778189, 0.854187, -0.014099, 0.021423, 0.519287
1540674778191, 0.854187, -0.014099, 0.021484, 0.519287
1540674778191, 0.854187, -0.014099, 0.021484, 0.519287
1540674778249, 0.854187, -0.014099, 0.021484, 0.519287
1540674778249, 0.854187, -0.014160, 0.021484, 0.519287
1540674778250, 0.854187, -0.014160, 0.021667, 0.519287
1540674778251, 0.854187, -0.014160, 0.021667, 0.519287
1540674778309, 0.854187, -0.014160, 0.021667, 0.519287
1540674778310, 0.854187, -0.013794, 0.021667, 0.519287
1540674778312, 0.854187, -0.013794, 0.021912, 0.519287
1540674778315, 0.854187, -0.013794, 0.021912, 0.519287
1540674778399, 0.854187, -0.013794, 0.021912, 0.519287
1540674778399, 0.854187, -0.013916, 0.021912, 0.519287
1540674778400, 0.854187, -0.013916, 0.021545, 0.519287
1540674778401, 0.854187, -0.013916, 0.021545, 0.519287
1540674778401, 0.854187, -0.013916, 0.021545, 0.519287
1540674778403, 0.854187, -0.013977, 0.021545, 0.519287
1540674778459, 0.854187, -0.013977, 0.021545, 0.519287
1540674778459, 0.854187, -0.013855, 0.021545, 0.519287
1540674778460, 0.854187, -0.013855, 0.021606, 0.519287
1540674778461, 0.854187, -0.013855, 0.021606, 0.519287
1540674778519, 0.854187, -0.013855, 0.021606, 0.519287
1540674778519, 0.854187, -0.014160, 0.021606, 0.519287
1540674778521, 0.854187, -0.014160, 0.021545, 0.519287
1540674778521, 0.854187, -0.014160, 0.021545, 0.519287
1540674778579, 0.854187, -0.014160, 0.021545, 0.519287
1540674778579, 0.854187, -0.014099, 0.021545, 0.519287
1540674778580, 0.854187, -0.014099, 0.021667, 0.519287
1540674778581, 0.854187, -0.014099, 0.021667, 0.519287
1540674778639, 0.854187, -0.014099, 0.021667, 0.519287
1540674778640, 0.854187, -0.013672, 0.021667, 0.519287
1540674778640, 0.854187, -0.013672, 0.021423, 0.519287
1540674778641, 0.854187, -0.013672, 0.021423, 0.519287
1540674778669, 0.854187, -0.013672, 0.021423, 0.519287
1540674778669, 0.854187, -0.013794, 0.021423, 0.519287
1540674778671, 0.854187, -0.013794, 0.021362, 0.519287
1540674778671, 0.854187, -0.013794, 0.021362, 0.519287
1540674778729, 0.854187, -0.013794, 0.021362, 0.519287
1540674778729, 0.854187, -0.013794, 0.021362, 0.519287
1540674778730, 0.854187, -0.013794, 0.021301, 0.519287
1540674778731, 0.854187, -0.013794, 0.021301, 0.519287
1540674778819, 0.854187, -0.013794, 0.021301, 0.519287
1540674778819, 0.854187, -0.014099, 0.021301, 0.519287
1540674778819, 0.854187, -0.014099, 0.021118, 0.519287
1540674778820, 0.854187, -0.014099, 0.021118, 0.519287
1540674778849, 0.854126, -0.014099, 0.021118, 0.519287
1540674778849, 0.854126, -0.013916, 0.021118, 0.519287
1540674778850, 0.854126, -0.013916, 0.021240, 0.519287
1540674778851, 0.854126, -0.013916, 0.021240, 0.519348
1540674778939, 0.854126, -0.013916, 0.021240, 0.519348
1540674778939, 0.854126, -0.013916, 0.021240, 0.519348
1540674778941, 0.854126, -0.013916, 0.021545, 0.519348
1540674778941, 0.854126, -0.013916, 0.021545, 0.519348
1540674778969, 0.854126, -0.013916, 0.021545, 0.519348
1540674778970, 0.854126, -0.013916, 0.021545, 0.519348
1540674778970, 0.854126, -0.013916, 0.021545, 0.519348
1540674778972, 0.854126, -0.013916, 0.021545, 0.519287
1540674778999, 0.854126, -0.013916, 0.021545, 0.519287
1540674778999, 0.854126, -0.013977, 0.021545, 0.519287
1540674779000, 0.854126, -0.013977, 0.021667, 0.519287
1540674779003, 0.854126, -0.013977, 0.021667, 0.519348
1540674779059, 0.854126, -0.013977, 0.021667, 0.519348
1540674779060, 0.854126, -0.014221, 0.021667, 0.519348
1540674779060, 0.854126, -0.014221, 0.021484, 0.519348
1540674779089, 0.854126, -0.014221, 0.021484, 0.519287
1540674779119, 0.854126, -0.014221, 0.021484, 0.519287
1540674779120, 0.854126, -0.014221, 0.021484, 0.519287
1540674779120, 0.854126, -0.014221, 0.021301, 0.519287
1540674779121, 0.854126, -0.014221, 0.021301, 0.519348
1540674779179, 0.854126, -0.014221, 0.021301, 0.519348
1540674779180, 0.854126, -0.013977, 0.021301, 0.519348
1540674779180, 0.854126, -0.013977, 0.021301, 0.519348
1540674779182, 0.854126, -0.013977, 0.021301, 0.519348
1540674779239, 0.854126, -0.013977, 0.021301, 0.519348
1540674779239, 0.854126, -0.014038, 0.021301, 0.519348
1540674779241, 0.854126, -0.014038, 0.021179, 0.519348
1540674779241, 0.854126, -0.014038, 0.021179, 0.519348
1540674779299, 0.854126, -0.014038, 0.021179, 0.519348
1540674779300, 0.854126, -0.013855, 0.021179, 0.519348
1540674779300, 0.854126, -0.013855, 0.021118, 0.519348
1540674779303, 0.854126, -0.013855, 0.021118, 0.519348
1540674779329, 0.854126, -0.013855, 0.021118, 0.519348
1540674779329, 0.854126, -0.013611, 0.021118, 0.519348
1540674779332, 0.854126, -0.013611, 0.021484, 0.519348
1540674779332, 0.854126, -0.013611, 0.021484, 0.519348
1540674779389, 0.854126, -0.013611, 0.021484, 0.519348
1540674779389, 0.854126, -0.013550, 0.021484, 0.519348
1540674779391, 0.854126, -0.013550, 0.021545, 0.519348
1540674779392, 0.854126, -0.013550, 0.021545, 0.519348
1540674779449, 0.854126, -0.013550, 0.021545, 0.519348
1540674779450, 0.854126, -0.013855, 0.021545, 0.519348
1540674779450, 0.854126, -0.013855, 0.021606, 0.519348
1540674779453, 0.854126, -0.013855, 0.021606, 0.519348
1540674779539, 0.854126, -0.013855, 0.021606, 0.519348
1540674779569, 0.854126, -0.013855, 0.021606, 0.519348
1540674779569, 0.854126, -0.013855, 0.021545, 0.519348
1540674779569, 0.854126, -0.013855, 0.021545, 0.519348
1540674779570, 0.854126, -0.013855, 0.021545, 0.519348
1540674779574, 0.854126, -0.013855, 0.021545, 0.519348
1540674779629, 0.854126, -0.013855, 0.021545, 0.519348
1540674779629, 0.854126, -0.013794, 0.021545, 0.519348
1540674779632, 0.854126, -0.013794, 0.021545, 0.519348
1540674779632, 0.854126, -0.013794, 0.021545, 0.519348
1540674779659, 0.854126, -0.013794, 0.021545, 0.519348
1540674779659, 0.854126, -0.013916, 0.021545, 0.519348
1540674779660, 0.854126, -0.013916, 0.021301, 0.519348
1540674779663, 0.854126, -0.013916, 0.021301, 0.519348
1540674779719, 0.854126, -0.013916, 0.021301, 0.519348
1540674779719, 0.854126, -0.013916, 0.021301, 0.519348
1540674779721, 0.854126, -0.013916, 0.021179, 0.519348
1540674779722, 0.854126, -0.013916, 0.021179, 0.519409
1540674779779, 0.854126, -0.013916, 0.021179, 0.519409
1540674779780, 0.854126, -0.014099, 0.021179, 0.519409
1540674779780, 0.854126, -0.014099, 0.021179, 0.519409
1540674779783, 0.854126, -0.014099, 0.021179, 0.519348
1540674779839, 0.854126, -0.014099, 0.021179, 0.519348
1540674779839, 0.854126, -0.013977, 0.021179, 0.519348
1540674779840, 0.854126, -0.013977, 0.021301, 0.519348
1540674779843, 0.854126, -0.013977, 0.021301, 0.519409
1540674779899, 0.854126, -0.013977, 0.021301, 0.519409
1540674779899, 0.854126, -0.013977, 0.021301, 0.519409
1540674779902, 0.854126, -0.013977, 0.021423, 0.519409
1540674779902, 0.854126, -0.013977, 0.021423, 0.519409
1540674779959, 0.854126, -0.013977, 0.021423, 0.519409
1540674779960, 0.854126, -0.013489, 0.021423, 0.519409
1540674779960, 0.854126, -0.013489, 0.020386, 0.519409
1540674779963, 0.854126, -0.013489, 0.020386, 0.519409
1540674779990, 0.854126, -0.013489, 0.020386, 0.519409
1540674779990, 0.854126, -0.013550, 0.020386, 0.519409
1540674779990, 0.854126, -0.013550, 0.020386, 0.519409
1540674780010, 0.854126, -0.013550, 0.020386, 0.519409
1540674780049, 0.854126, -0.013550, 0.020386, 0.519409
1540674780049, 0.854126, -0.013428, 0.020386, 0.519409
1540674780050, 0.854126, -0.013428, 0.020508, 0.519409
1540674780051, 0.854126, -0.013428, 0.020508, 0.519409
1540674780109, 0.854126, -0.013428, 0.020508, 0.519409
1540674780109, 0.854126, -0.013611, 0.020508, 0.519409
1540674780113, 0.854126, -0.013611, 0.021179, 0.519409
1540674780113, 0.854126, -0.013611, 0.021179, 0.519409
1540674780169, 0.854126, -0.013611, 0.021179, 0.519409
1540674780170, 0.854126, -0.013672, 0.021179, 0.519409
1540674780170, 0.854126, -0.013672, 0.021423, 0.519409
1540674780171, 0.854126, -0.013672, 0.021423, 0.519409
1540674780229, 0.854126, -0.013672, 0.021423, 0.519409
1540674780229, 0.854126, -0.014038, 0.021423, 0.519409
1540674780230, 0.854126, -0.014038, 0.021362, 0.519409
1540674780231, 0.854126, -0.014038, 0.021362, 0.519409
1540674780289, 0.854126, -0.014038, 0.021362, 0.519409
1540674780290, 0.854126, -0.013977, 0.021362, 0.519409
1540674780290, 0.854126, -0.013977, 0.021362, 0.519409
1540674780291, 0.854126, -0.013977, 0.021362, 0.519348
1540674780380, 0.854126, -0.013977, 0.021362, 0.519348
1540674780409, 0.854126, -0.013794, 0.021362, 0.519348
1540674780439, 0.854126, -0.013794, 0.021484, 0.519348
1540674780439, 0.854126, -0.013794, 0.021484, 0.519409
1540674780440, 0.854126, -0.013794, 0.021484, 0.519409
1540674780446, 0.854126, -0.013794, 0.021484, 0.519409
1540674780499, 0.854126, -0.013794, 0.021484, 0.519409
1540674780500, 0.854126, -0.013855, 0.021484, 0.519409
1540674780500, 0.854126, -0.013855, 0.021118, 0.519409
1540674780503, 0.854126, -0.013855, 0.021118, 0.519409
1540674780560, 0.854126, -0.013855, 0.021118, 0.519409
1540674780560, 0.854126, -0.013977, 0.021118, 0.519409
1540674780560, 0.854126, -0.013977, 0.021240, 0.519409
1540674780563, 0.854126, -0.013977, 0.021240, 0.519409
1540674780650, 0.854126, -0.013977, 0.021240, 0.519409
1540674780650, 0.854126, -0.013794, 0.021240, 0.519409
1540674780651, 0.854126, -0.013794, 0.021179, 0.519409
1540674780651, 0.854126, -0.013794, 0.021179, 0.519409
1540674780680, 0.854126, -0.013794, 0.021179, 0.519409
1540674780681, 0.854126, -0.013855, 0.021179, 0.519409
1540674780681, 0.854126, -0.013855, 0.021179, 0.519409
1540674780682, 0.854126, -0.013855, 0.021179, 0.519409
1540674780709, 0.854126, -0.013855, 0.021179, 0.519409
1540674780710, 0.854126, -0.013794, 0.021179, 0.519409
1540674780713, 0.854126, -0.013794, 0.021240, 0.519409
1540674780713, 0.854126, -0.013794, 0.021240, 0.519409
1540674780769, 0.854126, -0.013794, 0.021240, 0.519409
1540674780770, 0.854126, -0.014038, 0.021240, 0.519409
1540674780770, 0.854126, -0.014038, 0.021240, 0.519409
1540674780773, 0.854126, -0.014038, 0.021240, 0.519409
1540674780829, 0.854126, -0.014038, 0.021240, 0.519409
1540674780830, 0.854126, -0.014160, 0.021240, 0.519409
1540674780830, 0.854126, -0.014160, 0.021118, 0.519409
1540674780833, 0.854126, -0.014160, 0.021118, 0.519409
1540674780889, 0.854126, -0.014160, 0.021118, 0.519409
1540674780890, 0.854126, -0.014099, 0.021118, 0.519409
1540674780919, 0.854126, -0.014099, 0.021179, 0.519409
1540674780919, 0.854126, -0.014099, 0.021179, 0.519409
1540674780950, 0.854126, -0.014099, 0.021179, 0.519409
1540674780950, 0.854126, -0.013977, 0.021179, 0.519409
1540674780950, 0.854126, -0.013977, 0.021423, 0.519409
1540674780951, 0.854126, -0.013977, 0.021423, 0.519409
1540674780980, 0.854126, -0.013977, 0.021423, 0.519409
1540674780981, 0.854126, -0.014038, 0.021423, 0.519409
1540674780981, 0.854126, -0.014038, 0.021362, 0.519409
1540674780982, 0.854126, -0.014038, 0.021362, 0.519409
1540674781039, 0.854065, -0.014038, 0.021362, 0.519409
1540674781040, 0.854065, -0.014038, 0.021362, 0.519409
1540674781040, 0.854065, -0.014038, 0.021179, 0.519409
1540674781041, 0.854065, -0.014038, 0.021179, 0.519409
1540674781130, 0.854065, -0.014038, 0.021179, 0.519409
1540674781130, 0.854065, -0.014099, 0.021179, 0.519409
1540674781131, 0.854065, -0.014099, 0.021545, 0.519409
1540674781131, 0.854065, -0.014099, 0.021545, 0.519409
1540674781160, 0.854065, -0.014099, 0.021545, 0.519409
1540674781161, 0.854065, -0.014099, 0.021545, 0.519409
1540674781161, 0.854065, -0.014099, 0.021545, 0.519409
1540674781162, 0.854065, -0.014099, 0.021545, 0.519409
1540674781219, 0.854065, -0.014099, 0.021545, 0.519409
1540674781220, 0.854065, -0.013977, 0.021545, 0.519409
1540674781220, 0.854065, -0.013977, 0.021606, 0.519409
1540674781223, 0.854065, -0.013977, 0.021606, 0.519409
1540674781279, 0.854065, -0.013977, 0.021606, 0.519409
1540674781280, 0.854065, -0.014099, 0.021606, 0.519409
1540674781280, 0.854065, -0.014099, 0.021423, 0.519409
1540674781284, 0.854065, -0.014099, 0.021423, 0.519409
1540674781339, 0.854065, -0.014099, 0.021423, 0.519409
1540674781339, 0.854065, -0.014221, 0.021423, 0.519409
1540674781341, 0.854065, -0.014221, 0.021301, 0.519409
1540674781342, 0.854065, -0.014221, 0.021301, 0.519409
1540674781369, 0.854065, -0.014221, 0.021301, 0.519409
1540674781369, 0.854065, -0.013977, 0.021301, 0.519409
1540674781372, 0.854065, -0.013977, 0.021606, 0.519409
1540674781372, 0.854065, -0.013977, 0.021606, 0.519409
1540674781429, 0.854065, -0.013977, 0.021606, 0.519409
1540674781429, 0.854065, -0.013672, 0.021606, 0.519409
1540674781430, 0.854065, -0.013672, 0.021606, 0.519409
1540674781432, 0.854065, -0.013672, 0.021606, 0.519470
1540674781489, 0.854065, -0.013672, 0.021606, 0.519470
1540674781489, 0.854065, -0.013977, 0.021606, 0.519470
1540674781491, 0.854065, -0.013977, 0.021545, 0.519470
1540674781491, 0.854065, -0.013977, 0.021545, 0.519409
1540674781550, 0.854065, -0.013977, 0.021545, 0.519409
1540674781550, 0.854065, -0.013733, 0.021545, 0.519409
1540674781550, 0.854065, -0.013733, 0.021606, 0.519409
1540674781553, 0.854065, -0.013733, 0.021606, 0.519470
1540674781610, 0.854065, -0.013733, 0.021606, 0.519470
1540674781613, 0.854065, -0.013916, 0.021606, 0.519470
1540674781613, 0.854065, -0.013916, 0.021851, 0.519470
1540674781614, 0.854065, -0.013916, 0.021851, 0.519470
1540674781669, 0.854065, -0.013916, 0.021851, 0.519470
1540674781670, 0.854065, -0.014099, 0.021851, 0.519470
1540674781670, 0.854065, -0.014099, 0.021362, 0.519470
1540674781674, 0.854065, -0.014099, 0.021362, 0.519409
1540674781700, 0.854065, -0.014099, 0.021362, 0.519409
1540674781700, 0.854065, -0.014099, 0.021362, 0.519409
1540674781701, 0.854065, -0.014099, 0.021057, 0.519409
1540674781701, 0.854065, -0.014099, 0.021057, 0.519470
1540674781760, 0.854065, -0.014099, 0.021057, 0.519470
1540674781762, 0.854065, -0.013794, 0.021057, 0.519470
1540674781763, 0.854065, -0.013794, 0.021301, 0.519470
1540674781763, 0.854065, -0.013794, 0.021301, 0.519470
1540674781821, 0.854065, -0.013794, 0.021301, 0.519470
1540674781821, 0.854065, -0.013794, 0.021301, 0.519470
1540674781822, 0.854065, -0.013794, 0.021484, 0.519470
1540674781823, 0.854065, -0.013794, 0.021484, 0.519470
1540674781886, 0.854065, -0.013794, 0.021484, 0.519470
1540674781887, 0.854065, -0.014343, 0.021484, 0.519470
1540674781887, 0.854065, -0.014343, 0.021118, 0.519470
1540674781888, 0.854065, -0.014343, 0.021118, 0.519470
1540674781940, 0.854065, -0.014343, 0.021118, 0.519470
1540674781941, 0.854065, -0.014282, 0.021118, 0.519470
1540674781942, 0.854065, -0.014282, 0.021179, 0.519470
1540674781943, 0.854065, -0.014282, 0.021179, 0.519470
1540674781999, 0.854065, -0.014282, 0.021179, 0.519470
1540674782000, 0.854065, -0.013916, 0.021179, 0.519470
1540674782000, 0.854065, -0.013916, 0.021362, 0.519470
1540674782003, 0.854065, -0.013916, 0.021362, 0.519470
1540674782029, 0.854065, -0.013916, 0.021362, 0.519470
1540674782030, 0.854065, -0.013916, 0.021362, 0.519470
1540674782030, 0.854065, -0.013916, 0.021240, 0.519470
1540674782031, 0.854065, -0.013916, 0.021240, 0.519470
1540674782089, 0.854065, -0.013916, 0.021240, 0.519470
1540674782090, 0.854065, -0.013672, 0.021240, 0.519470
1540674782090, 0.854065, -0.013672, 0.021545, 0.519470
1540674782091, 0.854065, -0.013672, 0.021545, 0.519470
1540674782150, 0.854065, -0.013672, 0.021545, 0.519470
1540674782150, 0.854065, -0.013611, 0.021545, 0.519470
1540674782151, 0.854065, -0.013611, 0.021484, 0.519470
1540674782151, 0.854065, -0.013611, 0.021484, 0.519470
1540674782209, 0.854065, -0.013611, 0.021484, 0.519470
1540674782210, 0.854065, -0.013794, 0.021484, 0.519470
1540674782213, 0.854065, -0.013794, 0.021606, 0.519470
1540674782214, 0.854065, -0.013794, 0.021606, 0.519470
1540674782269, 0.854065, -0.013794, 0.021606, 0.519470
1540674782270, 0.854065, -0.014038, 0.021606, 0.519470
1540674782270, 0.854065, -0.014038, 0.021423, 0.519470
1540674782273, 0.854065, -0.014038, 0.021423, 0.519470
1540674782330, 0.854065, -0.014038, 0.021423, 0.519470
1540674782330, 0.854065, -0.013916, 0.021423, 0.519470
1540674782333, 0.854065, -0.013916, 0.021729, 0.519470
1540674782333, 0.854065, -0.013916, 0.021729, 0.519470
1540674782359, 0.854065, -0.013916, 0.021729, 0.519470
1540674782360, 0.854065, -0.014221, 0.021729, 0.519470
1540674782362, 0.854065, -0.014221, 0.021545, 0.519470
1540674782363, 0.854065, -0.014221, 0.021545, 0.519470
1540674782419, 0.854065, -0.014221, 0.021545, 0.519470
1540674782420, 0.854065, -0.013977, 0.021545, 0.519470
1540674782420, 0.854065, -0.013977, 0.021423, 0.519470
1540674782423, 0.854065, -0.013977, 0.021423, 0.519470
1540674782480, 0.854065, -0.013977, 0.021423, 0.519470
1540674782480, 0.854065, -0.013733, 0.021423, 0.519470
1540674782480, 0.854065, -0.013733, 0.021301, 0.519470
1540674782484, 0.854065, -0.013733, 0.021301, 0.519470
1540674782539, 0.854065, -0.013733, 0.021301, 0.519470
1540674782540, 0.854065, -0.013733, 0.021301, 0.519470
1540674782540, 0.854065, -0.013733, 0.021423, 0.519470
1540674782546, 0.854065, -0.013733, 0.021423, 0.519470
1540674782599, 0.854065, -0.013733, 0.021423, 0.519470
1540674782600, 0.854065, -0.013977, 0.021423, 0.519470
1540674782600, 0.854065, -0.013977, 0.021301, 0.519470
1540674782603, 0.854065, -0.013977, 0.021301, 0.519531
1540674782660, 0.854065, -0.013977, 0.021301, 0.519531
1540674782663, 0.854065, -0.014099, 0.021301, 0.519531
1540674782663, 0.854065, -0.014099, 0.021057, 0.519531
1540674782664, 0.854065, -0.014099, 0.021057, 0.519470
1540674782689, 0.854065, -0.014099, 0.021057, 0.519470
1540674782690, 0.854065, -0.013916, 0.021057, 0.519470
1540674782690, 0.854065, -0.013916, 0.021057, 0.519470
1540674782697, 0.854065, -0.013916, 0.021057, 0.519470
1540674782752, 0.854065, -0.013916, 0.021057, 0.519470
1540674782753, 0.854065, -0.013611, 0.021057, 0.519470
1540674782754, 0.854065, -0.013611, 0.021667, 0.519470
1540674782755, 0.854065, -0.013611, 0.021667, 0.519470
1540674782818, 0.854065, -0.013611, 0.021667, 0.519470
1540674782819, 0.854065, -0.013672, 0.021667, 0.519470
1540674782820, 0.854065, -0.013672, 0.021423, 0.519470
1540674782822, 0.854065, -0.013672, 0.021423, 0.519409
1540674782872, 0.854370, -0.013672, 0.021423, 0.519409
1540674782872, 0.854370, -0.013184, 0.021423, 0.519409
1540674782873, 0.854370, -0.013184, 0.019897, 0.519409
1540674782874, 0.854370, -0.013184, 0.019897, 0.519043
1540674782932, 0.854431, -0.013184, 0.019897, 0.519043
1540674782932, 0.854431, -0.013062, 0.019897, 0.519043
1540674782932, 0.854431, -0.013062, 0.019714, 0.519043
1540674782933, 0.854431, -0.013062, 0.019714, 0.518921
1540674782991, 0.854431, -0.013062, 0.019714, 0.518921
1540674782991, 0.854431, -0.013245, 0.019714, 0.518921
1540674782991, 0.854431, -0.013245, 0.020142, 0.518921
1540674782992, 0.854431, -0.013245, 0.020142, 0.518921
1540674783020, 0.854431, -0.013245, 0.020142, 0.518921
1540674783020, 0.854431, -0.013184, 0.020142, 0.518921
1540674783021, 0.854431, -0.013184, 0.019836, 0.518921
1540674783023, 0.854431, -0.013184, 0.019836, 0.518921
1540674783083, 0.854431, -0.013184, 0.019836, 0.518921
1540674783083, 0.854431, -0.013367, 0.019836, 0.518921
1540674783084, 0.854431, -0.013367, 0.020264, 0.518921
1540674783084, 0.854431, -0.013367, 0.020264, 0.518921
1540674783140, 0.854431, -0.013367, 0.020264, 0.518921
1540674783141, 0.854431, -0.013062, 0.020264, 0.518921
1540674783141, 0.854431, -0.013062, 0.020508, 0.518921
1540674783142, 0.854431, -0.013062, 0.020508, 0.518982
1540674783200, 0.854370, -0.013062, 0.020508, 0.518982
1540674783201, 0.854370, -0.013550, 0.020508, 0.518982
1540674783201, 0.854370, -0.013550, 0.020447, 0.518982
1540674783202, 0.854370, -0.013550, 0.020447, 0.518982
1540674783290, 0.854431, -0.013550, 0.020447, 0.518982
1540674783291, 0.854431, -0.013367, 0.020447, 0.518982
1540674783292, 0.854431, -0.013367, 0.019531, 0.518982
1540674783294, 0.854431, -0.013367, 0.019531, 0.518921
1540674783322, 0.854431, -0.013367, 0.019531, 0.518921
1540674783323, 0.854431, -0.013550, 0.019531, 0.518921
1540674783324, 0.854431, -0.013550, 0.019958, 0.518921
1540674783325, 0.854431, -0.013550, 0.019958, 0.518860
1540674783354, 0.856018, -0.013550, 0.019958, 0.518860
1540674783355, 0.856018, -0.018860, 0.019958, 0.518860
1540674783357, 0.856018, -0.018860, 0.020874, 0.518860
1540674783358, 0.856018, -0.018860, 0.020874, 0.516113
1540674783410, 0.856018, -0.018860, 0.020874, 0.516113
1540674783411, 0.856018, -0.009155, 0.020874, 0.516113
1540674783413, 0.856018, -0.009155, 0.019165, 0.516113
1540674783413, 0.856018, -0.009155, 0.019165, 0.516357
1540674783470, 0.855957, -0.009155, 0.019165, 0.516357
1540674783471, 0.855957, -0.017578, 0.019165, 0.516357
1540674783471, 0.855957, -0.017578, 0.018005, 0.516357
1540674783472, 0.855957, -0.017578, 0.018005, 0.516357
1540674783531, 0.857666, -0.017578, 0.018005, 0.516357
1540674783560, 0.857666, -0.023865, 0.018005, 0.516357
1540674783562, 0.857666, -0.023865, 0.012512, 0.516357
1540674783563, 0.857666, -0.023865, 0.012512, 0.513367
1540674783591, 0.859497, -0.023865, 0.012512, 0.513367
1540674783592, 0.859497, -0.021851, 0.012512, 0.513367
1540674783593, 0.859497, -0.021851, 0.007996, 0.513367
1540674783595, 0.859497, -0.021851, 0.007996, 0.510559
1540674783653, 0.861206, -0.021851, 0.007996, 0.510559
1540674783654, 0.861206, -0.043274, 0.007996, 0.510559
1540674783654, 0.861206, -0.043274, -0.004089, 0.510559
1540674783654, 0.861206, -0.043274, -0.004089, 0.506348
1540674783684, 0.863159, -0.043274, -0.004089, 0.506348
1540674783684, 0.863159, -0.026917, -0.004089, 0.506348
1540674783685, 0.863159, -0.026917, -0.019043, 0.506348
1540674783686, 0.863159, -0.026917, -0.019043, 0.503845
1540674783741, 0.864258, -0.026917, -0.019043, 0.503845
1540674783741, 0.864258, -0.028809, -0.019043, 0.503845
1540674783742, 0.864258, -0.028809, -0.026917, 0.503845
1540674783742, 0.864258, -0.028809, -0.026917, 0.501404
1540674783800, 0.866760, -0.028809, -0.026917, 0.501404
1540674783830, 0.866760, -0.046448, -0.026917, 0.501404
1540674783830, 0.866760, -0.046448, -0.029846, 0.501404
1540674783831, 0.866760, -0.046448, -0.029846, 0.495544
1540674783861, 0.873047, -0.046448, -0.029846, 0.495544
1540674783861, 0.873047, -0.047058, -0.029846, 0.495544
1540674783862, 0.873047, -0.047058, -0.034729, 0.495544
1540674783862, 0.873047, -0.047058, -0.034729, 0.484009
1540674783921, 0.872925, -0.047058, -0.034729, 0.484009
1540674783922, 0.872925, -0.096985, -0.034729, 0.484009
1540674783923, 0.872925, -0.096985, -0.079712, 0.484009
1540674783924, 0.872925, -0.096985, -0.079712, 0.471375
1540674783987, 0.869141, -0.096985, -0.079712, 0.471375
1540674783988, 0.869141, -0.150452, -0.079712, 0.471375
1540674783989, 0.869141, -0.150452, -0.072632, 0.471375
1540674783994, 0.869141, -0.150452, -0.072632, 0.465454
1540674784010, 0.868164, -0.150452, -0.072632, 0.465454
1540674784012, 0.868164, -0.160156, -0.072632, 0.465454
1540674784012, 0.868164, -0.160156, -0.103577, 0.465454
1540674784020, 0.868164, -0.160156, -0.103577, 0.458069
1540674784070, 0.858826, -0.160156, -0.103577, 0.458069
1540674784070, 0.858826, -0.215210, -0.103577, 0.458069
1540674784071, 0.858826, -0.215210, -0.116821, 0.458069
1540674784072, 0.858826, -0.215210, -0.116821, 0.449890
1540674784131, 0.841492, -0.215210, -0.116821, 0.449890
1540674784131, 0.841492, -0.273315, -0.116821, 0.449890
1540674784131, 0.841492, -0.273315, -0.166870, 0.449890
1540674784133, 0.841492, -0.273315, -0.166870, 0.435120
1540674784190, 0.818054, -0.273315, -0.166870, 0.435120
1540674784190, 0.818054, -0.349243, -0.166870, 0.435120
1540674784191, 0.818054, -0.349243, -0.191345, 0.435120
1540674784192, 0.818054, -0.349243, -0.191345, 0.414978
1540674784251, 0.787354, -0.349243, -0.191345, 0.414978
1540674784251, 0.787354, -0.396667, -0.191345, 0.414978
1540674784252, 0.787354, -0.396667, -0.238647, 0.414978
1540674784252, 0.787354, -0.396667, -0.238647, 0.407166
1540674784311, 0.776428, -0.396667, -0.238647, 0.407166
1540674784312, 0.776428, -0.408508, -0.238647, 0.407166
1540674784312, 0.776428, -0.408508, -0.228638, 0.407166
1540674784312, 0.776428, -0.408508, -0.228638, 0.421875
1540674784340, 0.750549, -0.408508, -0.228638, 0.421875
1540674784340, 0.750549, -0.445190, -0.228638, 0.421875
1540674784341, 0.750549, -0.445190, -0.263306, 0.421875
1540674784342, 0.750549, -0.445190, -0.263306, 0.411255
1540674784400, 0.723267, -0.445190, -0.263306, 0.411255
1540674784400, 0.723267, -0.485840, -0.263306, 0.411255
1540674784401, 0.723267, -0.485840, -0.263611, 0.411255
1540674784402, 0.723267, -0.485840, -0.263611, 0.413879
1540674784461, 0.707520, -0.485840, -0.263611, 0.413879
1540674784461, 0.707520, -0.498535, -0.263611, 0.413879
1540674784462, 0.707520, -0.498535, -0.294983, 0.413879
1540674784462, 0.707520, -0.498535, -0.294983, 0.404846
1540674784520, 0.693481, -0.498535, -0.294983, 0.404846
1540674784521, 0.693481, -0.508850, -0.294983, 0.404846
1540674784521, 0.693481, -0.508850, -0.312866, 0.404846
1540674784522, 0.693481, -0.508850, -0.312866, 0.402832
1540674784584, 0.676880, -0.508850, -0.312866, 0.402832
1540674784584, 0.676880, -0.530212, -0.312866, 0.402832
1540674784585, 0.676880, -0.530212, -0.311646, 0.402832
1540674784586, 0.676880, -0.530212, -0.311646, 0.404480
1540674784640, 0.664856, -0.530212, -0.311646, 0.404480
1540674784641, 0.664856, -0.540588, -0.311646, 0.404480
1540674784641, 0.664856, -0.540588, -0.332886, 0.404480
1540674784642, 0.664856, -0.540588, -0.332886, 0.393555
1540674784670, 0.648010, -0.540588, -0.332886, 0.393555
1540674784671, 0.648010, -0.562256, -0.332886, 0.393555
1540674784671, 0.648010, -0.562256, -0.335876, 0.393555
1540674784672, 0.648010, -0.562256, -0.335876, 0.388733
1540674784730, 0.645081, -0.562256, -0.335876, 0.388733
1540674784730, 0.645081, -0.566162, -0.335876, 0.388733
1540674784731, 0.645081, -0.566162, -0.344727, 0.388733
1540674784732, 0.645081, -0.566162, -0.344727, 0.380127
1540674784790, 0.646606, -0.566162, -0.344727, 0.380127
1540674784791, 0.646606, -0.564819, -0.344727, 0.380127
1540674784791, 0.646606, -0.564819, -0.335632, 0.380127
1540674784792, 0.646606, -0.564819, -0.335632, 0.387573
1540674784852, 0.650024, -0.564819, -0.335632, 0.387573
1540674784852, 0.650024, -0.561035, -0.335632, 0.387573
1540674784852, 0.650024, -0.561035, -0.337341, 0.387573
1540674784853, 0.650024, -0.561035, -0.337341, 0.385803
1540674784910, 0.654053, -0.561035, -0.337341, 0.385803
1540674784911, 0.654053, -0.557251, -0.337341, 0.385803
1540674784912, 0.654053, -0.557251, -0.329590, 0.385803
1540674784913, 0.654053, -0.557251, -0.329590, 0.391235
1540674784971, 0.655457, -0.557251, -0.329590, 0.391235
1540674784972, 0.655457, -0.554260, -0.329590, 0.391235
1540674784973, 0.655457, -0.554260, -0.333923, 0.391235
1540674784974, 0.655457, -0.554260, -0.333923, 0.389404
1540674785000, 0.657227, -0.554260, -0.333923, 0.389404
1540674785000, 0.657227, -0.553406, -0.333923, 0.389404
1540674785001, 0.657227, -0.553406, -0.327454, 0.389404
1540674785002, 0.657227, -0.553406, -0.327454, 0.393250
1540674785061, 0.657288, -0.553406, -0.327454, 0.393250
1540674785061, 0.657288, -0.552673, -0.327454, 0.393250
1540674785062, 0.657288, -0.552673, -0.329956, 0.393250
1540674785062, 0.657288, -0.552673, -0.329956, 0.391968
1540674785120, 0.661255, -0.552673, -0.329956, 0.391968
1540674785121, 0.661255, -0.548401, -0.329956, 0.391968
1540674785121, 0.661255, -0.548401, -0.330688, 0.391968
1540674785122, 0.661255, -0.548401, -0.330688, 0.390686
1540674785183, 0.661926, -0.548401, -0.330688, 0.390686
1540674785184, 0.661926, -0.546204, -0.330688, 0.390686
1540674785184, 0.661926, -0.546204, -0.330566, 0.390686
1540674785185, 0.661926, -0.546204, -0.330566, 0.392761
1540674785240, 0.662659, -0.546204, -0.330566, 0.392761
1540674785241, 0.662659, -0.545166, -0.330566, 0.392761
1540674785241, 0.662659, -0.545166, -0.320801, 0.392761
1540674785242, 0.662659, -0.545166, -0.320801, 0.400879
1540674785301, 0.664429, -0.545166, -0.320801, 0.400879
1540674785301, 0.664429, -0.543518, -0.320801, 0.400879
1540674785301, 0.664429, -0.543518, -0.318298, 0.400879
1540674785302, 0.664429, -0.543518, -0.318298, 0.402161
1540674785332, 0.671143, -0.543518, -0.318298, 0.402161
1540674785333, 0.671143, -0.537415, -0.318298, 0.402161
1540674785334, 0.671143, -0.537415, -0.311707, 0.402161
1540674785336, 0.671143, -0.537415, -0.311707, 0.404480
1540674785391, 0.685608, -0.537415, -0.311707, 0.404480
1540674785391, 0.685608, -0.522278, -0.311707, 0.404480
1540674785392, 0.685608, -0.522278, -0.298584, 0.404480
1540674785392, 0.685608, -0.522278, -0.298584, 0.409851
1540674785451, 0.700134, -0.522278, -0.298584, 0.409851
1540674785451, 0.700134, -0.504639, -0.298584, 0.409851
1540674785452, 0.700134, -0.504639, -0.285828, 0.409851
1540674785452, 0.700134, -0.504639, -0.285828, 0.416504
1540674785518, 0.726379, -0.504639, -0.285828, 0.416504
1540674785518, 0.726379, -0.469971, -0.285828, 0.416504
1540674785519, 0.726379, -0.469971, -0.270569, 0.416504
1540674785520, 0.726379, -0.469971, -0.270569, 0.422241
1540674785570, 0.753357, -0.469971, -0.270569, 0.422241
1540674785571, 0.753357, -0.432739, -0.270569, 0.422241
1540674785571, 0.753357, -0.432739, -0.245911, 0.422241
1540674785572, 0.753357, -0.432739, -0.245911, 0.429810
1540674785630, 0.783325, -0.432739, -0.245911, 0.429810
1540674785631, 0.783325, -0.374512, -0.245911, 0.429810
1540674785632, 0.783325, -0.374512, -0.195190, 0.429810
1540674785632, 0.783325, -0.374512, -0.195190, 0.456055
1540674785661, 0.813477, -0.374512, -0.195190, 0.456055
1540674785661, 0.813477, -0.307861, -0.195190, 0.456055
1540674785661, 0.813477, -0.307861, -0.149231, 0.456055
1540674785662, 0.813477, -0.307861, -0.149231, 0.470276
1540674785722, 0.837158, -0.307861, -0.149231, 0.470276
1540674785722, 0.837158, -0.241394, -0.149231, 0.470276
1540674785722, 0.837158, -0.241394, -0.119446, 0.470276
1540674785722, 0.837158, -0.241394, -0.119446, 0.475952
1540674785788, 0.850220, -0.241394, -0.119446, 0.475952
1540674785789, 0.850220, -0.181702, -0.119446, 0.475952
1540674785790, 0.850220, -0.181702, -0.080322, 0.475952
1540674785791, 0.850220, -0.181702, -0.080322, 0.487427
1540674785840, 0.859619, -0.181702, -0.080322, 0.487427
1540674785841, 0.859619, -0.110107, -0.080322, 0.487427
1540674785842, 0.859619, -0.110107, -0.045410, 0.487427
1540674785842, 0.859619, -0.110107, -0.045410, 0.496765
1540674785901, 0.861938, -0.110107, -0.045410, 0.496765
1540674785902, 0.861938, -0.047363, -0.045410, 0.496765
1540674785903, 0.861938, -0.047363, 0.001648, 0.496765
1540674785905, 0.861938, -0.047363, 0.001648, 0.504761
1540674785961, 0.860657, -0.047363, 0.001648, 0.504761
1540674785962, 0.860657, -0.036011, 0.001648, 0.504761
1540674785962, 0.860657, -0.036011, 0.015076, 0.504761
1540674785962, 0.860657, -0.036011, 0.015076, 0.507568
1540674785991, 0.861328, -0.036011, 0.015076, 0.507568
1540674785991, 0.861328, -0.031982, 0.015076, 0.507568
1540674785992, 0.861328, -0.031982, 0.023071, 0.507568
1540674785992, 0.861328, -0.031982, 0.023071, 0.506409
1540674786050, 0.862488, -0.031982, 0.023071, 0.506409
1540674786051, 0.862488, -0.025513, 0.023071, 0.506409
1540674786051, 0.862488, -0.025513, 0.019836, 0.506409
1540674786052, 0.862488, -0.025513, 0.019836, 0.504944
1540674786110, 0.862671, -0.025513, 0.019836, 0.504944
1540674786111, 0.862671, -0.024597, 0.019836, 0.504944
1540674786112, 0.862671, -0.024597, 0.019470, 0.504944
1540674786116, 0.862671, -0.024597, 0.019470, 0.504761
1540674786170, 0.862671, -0.024597, 0.019470, 0.504761
1540674786171, 0.862671, -0.023621, 0.019470, 0.504761
1540674786172, 0.862671, -0.023621, 0.020264, 0.504761
1540674786175, 0.862671, -0.023621, 0.020264, 0.504700
1540674786260, 0.862976, -0.023621, 0.020264, 0.504700
1540674786290, 0.862976, -0.022705, 0.020264, 0.504700
1540674786291, 0.862976, -0.022705, 0.019165, 0.504700
1540674786291, 0.862976, -0.022705, 0.019165, 0.504272
1540674786292, 0.863220, -0.022705, 0.019165, 0.504272
1540674786293, 0.863220, -0.022278, 0.019165, 0.504272
1540674786319, 0.863342, -0.022278, 0.019165, 0.504272
1540674786319, 0.863342, -0.022034, 0.019165, 0.504272
1540674786320, 0.863342, -0.022034, 0.017578, 0.504272
1540674786321, 0.863342, -0.022034, 0.017578, 0.503723
1540674786379, 0.863403, -0.022034, 0.017578, 0.503723
1540674786379, 0.863403, -0.021973, 0.017578, 0.503723
1540674786380, 0.863403, -0.021973, 0.017395, 0.503723
1540674786381, 0.863403, -0.021973, 0.017395, 0.503601
1540674786439, 0.863464, -0.021973, 0.017395, 0.503601
1540674786439, 0.863464, -0.021912, 0.017395, 0.503601
1540674786440, 0.863464, -0.021912, 0.017334, 0.503601
1540674786441, 0.863464, -0.021912, 0.017334, 0.503540
1540674786619, 0.863525, -0.021912, 0.017334, 0.503540
1540674786619, 0.863525, -0.021667, 0.017334, 0.503540
1540674786620, 0.863525, -0.021667, 0.016785, 0.503540
1540674786621, 0.863525, -0.021667, 0.016785, 0.503479
1540674786622, 0.863586, -0.021667, 0.016785, 0.503479
1540674786649, 0.863708, -0.021667, 0.016785, 0.503479
1540674786649, 0.863708, -0.021851, 0.016785, 0.503479
1540674786650, 0.863708, -0.021851, 0.014954, 0.503479
1540674786651, 0.863708, -0.021851, 0.014954, 0.503235
1540674786709, 0.863708, -0.021851, 0.014954, 0.503235
1540674786709, 0.863708, -0.022095, 0.014954, 0.503235
1540674786710, 0.863708, -0.022095, 0.014771, 0.503235
1540674786712, 0.863708, -0.022095, 0.014771, 0.503174
1540674786769, 0.863770, -0.022095, 0.014771, 0.503174
1540674786769, 0.863770, -0.022461, 0.014771, 0.503174
1540674786770, 0.863770, -0.022461, 0.014343, 0.503174
1540674786771, 0.863770, -0.022461, 0.014343, 0.503174
1540674786829, 0.863708, -0.022461, 0.014343, 0.503174
1540674786829, 0.863708, -0.022766, 0.014343, 0.503174
1540674786830, 0.863708, -0.022766, 0.014282, 0.503174
1540674786831, 0.863708, -0.022766, 0.014282, 0.503174
1540674786889, 0.863708, -0.022766, 0.014282, 0.503174
1540674786889, 0.863708, -0.022827, 0.014282, 0.503174
1540674786890, 0.863708, -0.022827, 0.014771, 0.503174
1540674786891, 0.863708, -0.022827, 0.014771, 0.503174
1540674786949, 0.863708, -0.022827, 0.014771, 0.503174
1540674786949, 0.863708, -0.022705, 0.014771, 0.503174
1540674786950, 0.863708, -0.022705, 0.015198, 0.503174
1540674786951, 0.863708, -0.022705, 0.015198, 0.503174
1540674786979, 0.863708, -0.022705, 0.015198, 0.503174
1540674786979, 0.863708, -0.022644, 0.015198, 0.503174
1540674786980, 0.863708, -0.022644, 0.015076, 0.503174
1540674786981, 0.863708, -0.022644, 0.015076, 0.503174
1540674787039, 0.863708, -0.022644, 0.015076, 0.503174
1540674787040, 0.863708, -0.022949, 0.015076, 0.503174
1540674787040, 0.863708, -0.022949, 0.014832, 0.503174
1540674787041, 0.863708, -0.022949, 0.014832, 0.503113
1540674787099, 0.863831, -0.022949, 0.014832, 0.503113
1540674787100, 0.863831, -0.022766, 0.014832, 0.503113
1540674787100, 0.863831, -0.022766, 0.014282, 0.503113
1540674787101, 0.863831, -0.022766, 0.014282, 0.502991
1540674787159, 0.863831, -0.022766, 0.014282, 0.502991
1540674787160, 0.863831, -0.023804, 0.014282, 0.502991
1540674787160, 0.863831, -0.023804, 0.015381, 0.502991
1540674787161, 0.863831, -0.023804, 0.015381, 0.502869
1540674787220, 0.865295, -0.023804, 0.015381, 0.502869
1540674787220, 0.865295, -0.026367, 0.015381, 0.502869
1540674787220, 0.865295, -0.026367, 0.015686, 0.502869
1540674787221, 0.865295, -0.026367, 0.015686, 0.500183
1540674787282, 0.866028, -0.026367, 0.015686, 0.500183
1540674787282, 0.866028, -0.022522, 0.015686, 0.500183
1540674787283, 0.866028, -0.022522, 0.012695, 0.500183
1540674787283, 0.866028, -0.022522, 0.012695, 0.499207
1540674787310, 0.865906, -0.022522, 0.012695, 0.499207
1540674787310, 0.865906, -0.023865, 0.012695, 0.499207
1540674787310, 0.865906, -0.023865, 0.014160, 0.499207
1540674787313, 0.865906, -0.023865, 0.014160, 0.499329
1540674787370, 0.865906, -0.023865, 0.014160, 0.499329
1540674787370, 0.865906, -0.026489, 0.014160, 0.499329
1540674787371, 0.865906, -0.026489, 0.013672, 0.499329
1540674787371, 0.865906, -0.026489, 0.013672, 0.499268
1540674787430, 0.866150, -0.026489, 0.013672, 0.499268
1540674787431, 0.866150, -0.024109, 0.013672, 0.499268
1540674787432, 0.866150, -0.024109, 0.014709, 0.499268
1540674787432, 0.866150, -0.024109, 0.014709, 0.498901
1540674787490, 0.866211, -0.024109, 0.014709, 0.498901
1540674787490, 0.866211, -0.023438, 0.014709, 0.498901
1540674787491, 0.866211, -0.023438, 0.014343, 0.498901
1540674787492, 0.866211, -0.023438, 0.014343, 0.498901
1540674787586, 0.866089, -0.023438, 0.014343, 0.498901
1540674787610, 0.866089, -0.023438, 0.014343, 0.498901
1540674787617, 0.866089, -0.023438, 0.014709, 0.498901
1540674787618, 0.866089, -0.023438, 0.014709, 0.499084
1540674787621, 0.866028, -0.023438, 0.014709, 0.499084
1540674787621, 0.866028, -0.024353, 0.014709, 0.499084
1540674787641, 0.866150, -0.024353, 0.014709, 0.499084
1540674787641, 0.866150, -0.024414, 0.014709, 0.499084
1540674787642, 0.866150, -0.024414, 0.014404, 0.499084
1540674787642, 0.866150, -0.024414, 0.014404, 0.498901
1540674787701, 0.866211, -0.024414, 0.014404, 0.498901
1540674787702, 0.866211, -0.024597, 0.014404, 0.498901
1540674787703, 0.866211, -0.024597, 0.013428, 0.498901
1540674787704, 0.866211, -0.024597, 0.013428, 0.498779
1540674787761, 0.866272, -0.024597, 0.013428, 0.498779
1540674787762, 0.866272, -0.025391, 0.013428, 0.498779
1540674787763, 0.866272, -0.025391, 0.012634, 0.498779
1540674787764, 0.866272, -0.025391, 0.012634, 0.498718
1540674787822, 0.866272, -0.025391, 0.012634, 0.498718
1540674787824, 0.866272, -0.025391, 0.012634, 0.498718
1540674787825, 0.866272, -0.025391, 0.012878, 0.498718
1540674787827, 0.866272, -0.025391, 0.012878, 0.498657
1540674787882, 0.866211, -0.025391, 0.012878, 0.498657
1540674787883, 0.866211, -0.024658, 0.012878, 0.498657
1540674787884, 0.866211, -0.024658, 0.013611, 0.498657
1540674787885, 0.866211, -0.024658, 0.013611, 0.498779
1540674787940, 0.866150, -0.024658, 0.013611, 0.498779
1540674787941, 0.866150, -0.024658, 0.013611, 0.498779
1540674787942, 0.866150, -0.024658, 0.014282, 0.498779
1540674787942, 0.866150, -0.024658, 0.014282, 0.498962
1540674787970, 0.866211, -0.024658, 0.014282, 0.498962
1540674787970, 0.866211, -0.024231, 0.014282, 0.498962
1540674787971, 0.866211, -0.024231, 0.014221, 0.498962
1540674787972, 0.866211, -0.024231, 0.014221, 0.498779
1540674788030, 0.866211, -0.024231, 0.014221, 0.498779
1540674788030, 0.866211, -0.024597, 0.014221, 0.498779
1540674788031, 0.866211, -0.024597, 0.014038, 0.498779
1540674788032, 0.866211, -0.024597, 0.014038, 0.498779
1540674788091, 0.866272, -0.024597, 0.014038, 0.498779
1540674788091, 0.866272, -0.024170, 0.014038, 0.498779
1540674788092, 0.866272, -0.024170, 0.014832, 0.498779
1540674788092, 0.866272, -0.024170, 0.014832, 0.498657
1540674788151, 0.866394, -0.024170, 0.014832, 0.498657
1540674788152, 0.866394, -0.024414, 0.014832, 0.498657
1540674788152, 0.866394, -0.024414, 0.014587, 0.498657
1540674788153, 0.866394, -0.024414, 0.014587, 0.498474
1540674788224, 0.866455, -0.024414, 0.014587, 0.498474
1540674788224, 0.866455, -0.025208, 0.014587, 0.498474
1540674788224, 0.866455, -0.025208, 0.014343, 0.498474
1540674788225, 0.866455, -0.025208, 0.014343, 0.498291
1540674788270, 0.866089, -0.025208, 0.014343, 0.498291
1540674788271, 0.866089, -0.025269, 0.014343, 0.498291
1540674788272, 0.866089, -0.025269, 0.012817, 0.498291
1540674788272, 0.866089, -0.025269, 0.012817, 0.498962
1540674788330, 0.865723, -0.025269, 0.012817, 0.498962
1540674788331, 0.865723, -0.027222, 0.012817, 0.498962
1540674788331, 0.865723, -0.027222, 0.012573, 0.498962
1540674788332, 0.865723, -0.027222, 0.012573, 0.499512
1540674788390, 0.864746, -0.027222, 0.012573, 0.499512
1540674788391, 0.864746, -0.028809, 0.012573, 0.499512
1540674788391, 0.864746, -0.028809, 0.010315, 0.499512
1540674788392, 0.864746, -0.028809, 0.010315, 0.501221
1540674788420, 0.863953, -0.028809, 0.010315, 0.501221
1540674788421, 0.863953, -0.031860, 0.010315, 0.501221
1540674788421, 0.863953, -0.031860, 0.006897, 0.501221
1540674788422, 0.863953, -0.031860, 0.006897, 0.502502
1540674788483, 0.863098, -0.031860, 0.006897, 0.502502
1540674788484, 0.863098, -0.043457, 0.006897, 0.502502
1540674788484, 0.863098, -0.043457, 0.002625, 0.502502
1540674788485, 0.863098, -0.043457, 0.002625, 0.503113
1540674788541, 0.861511, -0.043457, 0.002625, 0.503113
1540674788541, 0.861511, -0.067749, 0.002625, 0.503113
1540674788542, 0.861511, -0.067749, -0.010559, 0.503113
1540674788542, 0.861511, -0.067749, -0.010559, 0.502991
1540674788602, 0.857971, -0.067749, -0.010559, 0.502991
1540674788603, 0.857971, -0.090759, -0.010559, 0.502991
1540674788604, 0.857971, -0.090759, -0.027771, 0.502991
1540674788605, 0.857971, -0.090759, -0.027771, 0.504761
1540674788660, 0.852844, -0.090759, -0.027771, 0.504761
1540674788661, 0.852844, -0.125183, -0.027771, 0.504761
1540674788662, 0.852844, -0.125183, -0.040161, 0.504761
1540674788662, 0.852844, -0.125183, -0.040161, 0.505249
1540674788691, 0.846497, -0.125183, -0.040161, 0.505249
1540674788692, 0.846497, -0.168091, -0.040161, 0.505249
1540674788693, 0.846497, -0.168091, -0.067688, 0.505249
1540674788695, 0.846497, -0.168091, -0.067688, 0.500610
1540674788751, 0.844971, -0.168091, -0.067688, 0.500610
1540674788752, 0.844971, -0.206299, -0.067688, 0.500610
1540674788752, 0.844971, -0.206299, -0.108887, 0.500610
1540674788753, 0.844971, -0.206299, -0.108887, 0.481201
1540674788818, 0.829102, -0.206299, -0.108887, 0.481201
1540674788819, 0.829102, -0.281372, -0.108887, 0.481201
1540674788820, 0.829102, -0.281372, -0.149231, 0.481201
1540674788820, 0.829102, -0.281372, -0.149231, 0.459412
1540674788870, 0.816162, -0.281372, -0.149231, 0.459412
1540674788870, 0.816162, -0.331665, -0.149231, 0.459412
1540674788871, 0.816162, -0.331665, -0.196472, 0.459412
1540674788871, 0.816162, -0.331665, -0.196472, 0.430420
1540674788930, 0.787231, -0.331665, -0.196472, 0.430420
1540674788931, 0.787231, -0.413208, -0.196472, 0.430420
1540674788931, 0.787231, -0.413208, -0.217712, 0.430420
1540674788932, 0.787231, -0.413208, -0.217712, 0.402588
1540674788990, 0.751465, -0.413208, -0.217712, 0.402588
1540674788991, 0.751465, -0.489197, -0.217712, 0.402588
1540674788991, 0.751465, -0.489197, -0.267395, 0.402588
1540674788992, 0.751465, -0.489197, -0.267395, 0.352661
1540674789020, 0.708191, -0.489197, -0.267395, 0.352661
1540674789020, 0.708191, -0.556763, -0.267395, 0.352661
1540674789021, 0.708191, -0.556763, -0.307495, 0.352661
1540674789025, 0.708191, -0.556763, -0.307495, 0.306519
1540674789082, 0.659546, -0.556763, -0.307495, 0.306519
1540674789083, 0.659546, -0.608032, -0.307495, 0.306519
1540674789084, 0.659546, -0.608032, -0.369507, 0.306519
1540674789084, 0.659546, -0.608032, -0.369507, 0.242371
1540674789140, 0.608032, -0.608032, -0.369507, 0.242371
1540674789141, 0.608032, -0.652588, -0.369507, 0.242371
1540674789141, 0.608032, -0.652588, -0.415894, 0.242371
1540674789142, 0.608032, -0.652588, -0.415894, 0.177307
1540674789200, 0.548340, -0.652588, -0.415894, 0.177307
1540674789200, 0.548340, -0.687744, -0.415894, 0.177307
1540674789201, 0.548340, -0.687744, -0.460571, 0.177307
1540674789202, 0.548340, -0.687744, -0.460571, 0.119019
1540674789260, 0.477966, -0.687744, -0.460571, 0.119019
1540674789260, 0.477966, -0.730591, -0.460571, 0.119019
1540674789261, 0.477966, -0.730591, -0.483032, 0.119019
1540674789262, 0.477966, -0.730591, -0.483032, 0.067139
1540674789321, 0.397827, -0.730591, -0.483032, 0.067139
1540674789322, 0.397827, -0.763062, -0.483032, 0.067139
1540674789323, 0.397827, -0.763062, -0.507996, 0.067139
1540674789325, 0.397827, -0.763062, -0.507996, 0.037903
1540674789351, 0.326965, -0.763062, -0.507996, 0.037903
1540674789352, 0.326965, -0.776306, -0.507996, 0.037903
1540674789352, 0.326965, -0.776306, -0.538879, 0.037903
1540674789353, 0.326965, -0.776306, -0.538879, -0.010071
1540674789411, 0.235901, -0.776306, -0.538879, -0.010071
1540674789419, 0.235901, -0.785889, -0.538879, -0.010071
1540674789420, 0.235901, -0.785889, -0.567993, -0.010071
1540674789422, 0.235901, -0.785889, -0.567993, -0.065125
1540674789470, 0.171143, -0.785889, -0.567993, -0.065125
1540674789471, 0.171143, -0.789124, -0.567993, -0.065125
1540674789471, 0.171143, -0.789124, -0.577332, -0.065125
1540674789471, 0.171143, -0.789124, -0.577332, -0.121338
1540674789530, 0.046021, -0.789124, -0.577332, -0.121338
1540674789531, 0.046021, -0.788513, -0.577332, -0.121338
1540674789531, 0.046021, -0.788513, -0.589294, -0.121338
1540674789532, 0.046021, -0.788513, -0.589294, -0.170227
1540674789592, -0.025940, -0.788513, -0.589294, -0.170227
1540674789593, -0.025940, -0.782349, -0.589294, -0.170227
1540674789593, -0.025940, -0.782349, -0.586853, -0.170227
1540674789595, -0.025940, -0.782349, -0.586853, -0.207275
1540674789655, -0.086487, -0.782349, -0.586853, -0.207275
1540674789656, -0.086487, -0.769043, -0.586853, -0.207275
1540674789657, -0.086487, -0.769043, -0.583130, -0.207275
1540674789659, -0.086487, -0.769043, -0.583130, -0.247253
1540674789682, -0.144287, -0.769043, -0.583130, -0.247253
1540674789684, -0.144287, -0.752258, -0.583130, -0.247253
1540674789685, -0.144287, -0.752258, -0.576294, -0.247253
1540674789685, -0.144287, -0.752258, -0.576294, -0.285156
1540674789740, -0.173645, -0.752258, -0.576294, -0.285156
1540674789741, -0.173645, -0.732666, -0.576294, -0.285156
1540674789741, -0.173645, -0.732666, -0.571106, -0.285156
1540674789741, -0.173645, -0.732666, -0.571106, -0.327148
1540674789800, -0.167969, -0.732666, -0.571106, -0.327148
1540674789801, -0.167969, -0.723816, -0.571106, -0.327148
1540674789801, -0.167969, -0.723816, -0.564087, -0.327148
1540674789802, -0.167969, -0.723816, -0.564087, -0.360168
1540674789861, -0.213135, -0.723816, -0.564087, -0.360168
1540674789862, -0.213135, -0.704407, -0.564087, -0.360168
1540674789863, -0.213135, -0.704407, -0.553223, -0.360168
1540674789864, -0.213135, -0.704407, -0.553223, -0.390381
1540674789921, -0.208130, -0.704407, -0.553223, -0.390381
1540674789922, -0.208130, -0.709106, -0.553223, -0.390381
1540674789923, -0.208130, -0.709106, -0.540710, -0.390381
1540674789925, -0.208130, -0.709106, -0.540710, -0.401978
1540674789987, -0.248657, -0.709106, -0.540710, -0.401978
1540674789987, -0.248657, -0.692566, -0.540710, -0.401978
1540674789988, -0.248657, -0.692566, -0.523560, -0.401978
1540674789990, -0.248657, -0.692566, -0.523560, -0.429565
1540674790010, -0.262329, -0.692566, -0.523560, -0.429565
1540674790010, -0.262329, -0.673218, -0.523560, -0.429565
1540674790011, -0.262329, -0.673218, -0.513245, -0.429565
1540674790016, -0.262329, -0.673218, -0.513245, -0.463379
1540674790070, -0.296936, -0.673218, -0.513245, -0.463379
1540674790070, -0.296936, -0.648682, -0.513245, -0.463379
1540674790071, -0.296936, -0.648682, -0.487305, -0.463379
1540674790071, -0.296936, -0.648682, -0.487305, -0.503662
1540674790130, -0.309021, -0.648682, -0.487305, -0.503662
1540674790130, -0.309021, -0.635864, -0.487305, -0.503662
1540674790131, -0.309021, -0.635864, -0.479126, -0.503662
1540674790132, -0.309021, -0.635864, -0.479126, -0.520264
1540674790190, -0.325500, -0.635864, -0.479126, -0.520264
1540674790191, -0.325500, -0.624329, -0.479126, -0.520264
1540674790191, -0.325500, -0.624329, -0.469238, -0.520264
1540674790192, -0.325500, -0.624329, -0.469238, -0.533081
1540674790251, -0.348511, -0.624329, -0.469238, -0.533081
1540674790251, -0.348511, -0.601074, -0.469238, -0.533081
1540674790252, -0.348511, -0.601074, -0.453430, -0.533081
1540674790252, -0.348511, -0.601074, -0.453430, -0.558350
1540674790310, -0.384644, -0.601074, -0.453430, -0.558350
1540674790311, -0.384644, -0.570312, -0.453430, -0.558350
1540674790313, -0.384644, -0.570312, -0.440735, -0.558350
1540674790316, -0.384644, -0.570312, -0.440735, -0.576721
1540674790341, -0.421753, -0.570312, -0.440735, -0.576721
1540674790341, -0.421753, -0.526917, -0.440735, -0.576721
1540674790342, -0.421753, -0.526917, -0.417969, -0.576721
1540674790343, -0.421753, -0.526917, -0.417969, -0.608215
1540674790400, -0.441650, -0.526917, -0.417969, -0.608215
1540674790401, -0.441650, -0.492798, -0.417969, -0.608215
1540674790401, -0.441650, -0.492798, -0.385254, -0.608215
1540674790402, -0.441650, -0.492798, -0.385254, -0.643250
1540674790460, -0.445435, -0.492798, -0.385254, -0.643250
1540674790461, -0.445435, -0.492371, -0.385254, -0.643250
1540674790462, -0.445435, -0.492371, -0.383606, -0.643250
1540674790462, -0.445435, -0.492371, -0.383606, -0.641968
1540674790521, -0.465576, -0.492371, -0.383606, -0.641968
1540674790522, -0.465576, -0.471985, -0.383606, -0.641968
1540674790523, -0.465576, -0.471985, -0.360901, -0.641968
1540674790525, -0.465576, -0.471985, -0.360901, -0.656006
1540674790587, -0.497253, -0.471985, -0.360901, -0.656006
1540674790588, -0.497253, -0.455872, -0.360901, -0.656006
1540674790589, -0.497253, -0.455872, -0.347412, -0.656006
1540674790590, -0.497253, -0.455872, -0.347412, -0.651428
1540674790641, -0.489014, -0.455872, -0.347412, -0.651428
1540674790643, -0.489014, -0.465820, -0.347412, -0.651428
1540674790643, -0.489014, -0.465820, -0.314880, -0.651428
1540674790655, -0.489014, -0.465820, -0.314880, -0.666992
1540674790671, -0.496765, -0.465820, -0.314880, -0.666992
1540674790671, -0.496765, -0.473877, -0.314880, -0.666992
1540674790671, -0.496765, -0.473877, -0.313538, -0.666992
1540674790671, -0.496765, -0.473877, -0.313538, -0.656128
1540674790730, -0.509705, -0.473877, -0.313538, -0.656128
1540674790731, -0.509705, -0.457397, -0.313538, -0.656128
1540674790731, -0.509705, -0.457397, -0.289856, -0.656128
1540674790732, -0.509705, -0.457397, -0.289856, -0.668701
1540674790790, -0.534302, -0.457397, -0.289856, -0.668701
1540674790791, -0.534302, -0.450134, -0.289856, -0.668701
1540674790791, -0.534302, -0.450134, -0.292969, -0.668701
1540674790792, -0.534302, -0.450134, -0.292969, -0.652832
1540674790852, -0.552917, -0.450134, -0.292969, -0.652832
1540674790852, -0.552917, -0.436523, -0.292969, -0.652832
1540674790853, -0.552917, -0.436523, -0.274231, -0.652832
1540674790854, -0.552917, -0.436523, -0.274231, -0.654724
1540674790910, -0.567444, -0.436523, -0.274231, -0.654724
1540674790910, -0.567444, -0.413513, -0.274231, -0.654724
1540674790911, -0.567444, -0.413513, -0.257568, -0.654724
1540674790912, -0.567444, -0.413513, -0.257568, -0.663940
1540674790970, -0.594055, -0.413513, -0.257568, -0.663940
1540674790970, -0.594055, -0.375427, -0.257568, -0.663940
1540674790971, -0.594055, -0.375427, -0.253174, -0.663940
1540674790971, -0.594055, -0.375427, -0.253174, -0.664978
1540674791000, -0.596375, -0.375427, -0.253174, -0.664978
1540674791000, -0.596375, -0.375549, -0.253174, -0.664978
1540674791001, -0.596375, -0.375549, -0.239197, -0.664978
1540674791002, -0.596375, -0.375549, -0.239197, -0.668030
1540674791061, -0.617249, -0.375549, -0.239197, -0.668030
1540674791062, -0.617249, -0.353027, -0.239197, -0.668030
1540674791062, -0.617249, -0.353027, -0.222107, -0.668030
1540674791063, -0.617249, -0.353027, -0.222107, -0.667236
1540674791121, -0.655457, -0.353027, -0.222107, -0.667236
1540674791121, -0.655457, -0.281738, -0.222107, -0.667236
1540674791121, -0.655457, -0.281738, -0.206360, -0.667236
1540674791122, -0.655457, -0.281738, -0.206360, -0.669739
1540674791183, -0.659119, -0.281738, -0.206360, -0.669739
1540674791184, -0.659119, -0.278015, -0.206360, -0.669739
1540674791184, -0.659119, -0.278015, -0.190613, -0.669739
1540674791184, -0.659119, -0.278015, -0.190613, -0.672363
1540674791240, -0.673828, -0.278015, -0.190613, -0.672363
1540674791241, -0.673828, -0.252380, -0.190613, -0.672363
1540674791241, -0.673828, -0.252380, -0.192688, -0.672363
1540674791242, -0.673828, -0.252380, -0.192688, -0.667236
1540674791300, -0.669434, -0.252380, -0.192688, -0.667236
1540674791300, -0.669434, -0.259583, -0.192688, -0.667236
1540674791301, -0.669434, -0.259583, -0.184387, -0.667236
1540674791302, -0.669434, -0.259583, -0.184387, -0.671265
1540674791332, -0.687683, -0.259583, -0.184387, -0.671265
1540674791332, -0.687683, -0.217224, -0.184387, -0.671265
1540674791333, -0.687683, -0.217224, -0.182556, -0.671265
1540674791334, -0.687683, -0.217224, -0.182556, -0.668396
1540674791390, -0.686707, -0.217224, -0.182556, -0.668396
1540674791390, -0.686707, -0.216431, -0.182556, -0.668396
1540674791391, -0.686707, -0.216431, -0.159973, -0.668396
1540674791392, -0.686707, -0.216431, -0.159973, -0.675354
1540674791455, -0.691650, -0.216431, -0.159973, -0.675354
1540674791456, -0.691650, -0.191406, -0.159973, -0.675354
1540674791457, -0.691650, -0.191406, -0.156677, -0.675354
1540674791459, -0.691650, -0.191406, -0.156677, -0.678650
1540674791510, -0.701721, -0.191406, -0.156677, -0.678650
1540674791511, -0.701721, -0.158997, -0.156677, -0.678650
1540674791513, -0.701721, -0.158997, -0.140869, -0.678650
1540674791516, -0.701721, -0.158997, -0.140869, -0.680115
1540674791570, -0.699463, -0.158997, -0.140869, -0.680115
1540674791571, -0.699463, -0.164124, -0.140869, -0.680115
1540674791571, -0.699463, -0.164124, -0.141602, -0.680115
1540674791571, -0.699463, -0.164124, -0.141602, -0.681091
1540674791660, -0.700439, -0.164124, -0.141602, -0.681091
1540674791661, -0.700439, -0.157349, -0.141602, -0.681091
1540674791661, -0.700439, -0.157349, -0.143616, -0.681091
1540674791662, -0.700439, -0.157349, -0.143616, -0.681274
1540674791663, -0.703064, -0.157349, -0.143616, -0.681274
1540674791721, -0.702026, -0.157349, -0.143616, -0.681274
1540674791721, -0.702026, -0.147095, -0.143616, -0.681274
1540674791721, -0.702026, -0.147095, -0.132629, -0.681274
1540674791722, -0.702026, -0.147095, -0.132629, -0.684143
1540674791787, -0.702148, -0.147095, -0.132629, -0.684143
1540674791787, -0.702148, -0.152893, -0.132629, -0.684143
1540674791788, -0.702148, -0.152893, -0.131287, -0.684143
1540674791789, -0.702148, -0.152893, -0.131287, -0.682983
1540674791841, -0.704956, -0.152893, -0.131287, -0.682983
1540674791842, -0.704956, -0.133850, -0.131287, -0.682983
1540674791843, -0.704956, -0.133850, -0.136719, -0.682983
1540674791844, -0.704956, -0.133850, -0.136719, -0.683044
1540674791901, -0.701477, -0.133850, -0.136719, -0.683044
1540674791902, -0.701477, -0.148621, -0.136719, -0.683044
1540674791903, -0.701477, -0.148621, -0.133972, -0.683044
1540674791904, -0.701477, -0.148621, -0.133972, -0.684082
1540674791960, -0.699585, -0.148621, -0.133972, -0.684082
1540674791961, -0.699585, -0.159546, -0.133972, -0.684082
1540674791961, -0.699585, -0.159546, -0.133240, -0.684082
1540674791963, -0.699585, -0.159546, -0.133240, -0.683716
1540674791990, -0.701599, -0.159546, -0.133240, -0.683716
1540674791991, -0.701599, -0.146484, -0.133240, -0.683716
1540674791991, -0.701599, -0.146484, -0.130249, -0.683716
1540674791992, -0.701599, -0.146484, -0.130249, -0.685181
1540674792051, -0.700989, -0.146484, -0.130249, -0.685181
1540674792051, -0.700989, -0.151550, -0.130249, -0.685181
1540674792052, -0.700989, -0.151550, -0.132935, -0.685181
1540674792053, -0.700989, -0.151550, -0.132935, -0.684143
1540674792110, -0.699097, -0.151550, -0.132935, -0.684143
1540674792110, -0.699097, -0.160889, -0.132935, -0.684143
1540674792112, -0.699097, -0.160889, -0.136475, -0.684143
1540674792114, -0.699097, -0.160889, -0.136475, -0.683289
1540674792170, -0.701599, -0.160889, -0.136475, -0.683289
1540674792170, -0.701599, -0.149475, -0.136475, -0.683289
1540674792171, -0.701599, -0.149475, -0.136536, -0.683289
1540674792172, -0.701599, -0.149475, -0.136536, -0.683289
1540674792230, -0.699829, -0.149475, -0.136536, -0.683289
1540674792230, -0.699829, -0.157898, -0.136536, -0.683289
1540674792231, -0.699829, -0.157898, -0.132568, -0.683289
1540674792232, -0.699829, -0.157898, -0.132568, -0.683960
1540674792290, -0.701355, -0.157898, -0.132568, -0.683960
1540674792290, -0.701355, -0.150879, -0.132568, -0.683960
1540674792291, -0.701355, -0.150879, -0.136597, -0.683960
1540674792293, -0.701355, -0.150879, -0.136597, -0.683228
1540674792320, -0.699463, -0.150879, -0.136597, -0.683228
1540674792321, -0.699463, -0.158020, -0.136597, -0.683228
1540674792321, -0.699463, -0.158020, -0.135986, -0.683228
1540674792322, -0.699463, -0.158020, -0.135986, -0.683655
1540674792386, -0.699829, -0.158020, -0.135986, -0.683655
1540674792386, -0.699829, -0.160767, -0.135986, -0.683655
1540674792387, -0.699829, -0.160767, -0.143616, -0.683655
1540674792390, -0.699829, -0.160767, -0.143616, -0.681030
1540674792440, -0.697876, -0.160767, -0.143616, -0.681030
1540674792440, -0.697876, -0.170288, -0.143616, -0.681030
1540674792441, -0.697876, -0.170288, -0.140381, -0.681030
1540674792442, -0.697876, -0.170288, -0.140381, -0.681396
1540674792500, -0.698425, -0.170288, -0.140381, -0.681396
1540674792500, -0.698425, -0.169067, -0.140381, -0.681396
1540674792501, -0.698425, -0.169067, -0.140991, -0.681396
1540674792502, -0.698425, -0.169067, -0.140991, -0.681030
1540674792560, -0.697510, -0.169067, -0.140991, -0.681030
1540674792561, -0.697510, -0.173889, -0.140991, -0.681030
1540674792561, -0.697510, -0.173889, -0.142090, -0.681030
1540674792562, -0.697510, -0.173889, -0.142090, -0.680603
1540674792620, -0.698364, -0.173889, -0.142090, -0.680603
1540674792620, -0.698364, -0.168823, -0.142090, -0.680603
1540674792621, -0.698364, -0.168823, -0.144775, -0.680603
1540674792622, -0.698364, -0.168823, -0.144775, -0.680420
1540674792652, -0.696960, -0.168823, -0.144775, -0.680420
1540674792652, -0.696960, -0.176208, -0.144775, -0.680420
1540674792653, -0.696960, -0.176208, -0.143188, -0.680420
1540674792655, -0.696960, -0.176208, -0.143188, -0.680298
1540674792710, -0.692627, -0.176208, -0.143188, -0.680298
1540674792710, -0.692627, -0.199097, -0.143188, -0.680298
1540674792711, -0.692627, -0.199097, -0.153137, -0.680298
1540674792713, -0.692627, -0.199097, -0.153137, -0.676208
1540674792770, -0.680786, -0.199097, -0.153137, -0.676208
1540674792771, -0.680786, -0.244873, -0.153137, -0.676208
1540674792771, -0.680786, -0.244873, -0.161499, -0.676208
1540674792771, -0.680786, -0.244873, -0.161499, -0.671265
1540674792830, -0.654846, -0.244873, -0.161499, -0.671265
1540674792831, -0.654846, -0.315430, -0.161499, -0.671265
1540674792831, -0.654846, -0.315430, -0.169373, -0.671265
1540674792832, -0.654846, -0.315430, -0.169373, -0.665649
1540674792890, -0.625122, -0.315430, -0.169373, -0.665649
1540674792890, -0.625122, -0.384949, -0.169373, -0.665649
1540674792891, -0.625122, -0.384949, -0.192383, -0.665649
1540674792892, -0.625122, -0.384949, -0.192383, -0.651306
1540674792951, -0.565796, -0.384949, -0.192383, -0.651306
1540674792952, -0.565796, -0.480286, -0.192383, -0.651306
1540674792952, -0.565796, -0.480286, -0.214294, -0.651306
1540674792953, -0.565796, -0.480286, -0.214294, -0.635132
1540674792982, -0.431519, -0.480286, -0.214294, -0.635132
1540674792982, -0.431519, -0.647461, -0.214294, -0.635132
1540674792984, -0.431519, -0.647461, -0.269592, -0.635132
1540674792985, -0.431519, -0.647461, -0.269592, -0.567444
1540674793040, -0.323853, -0.647461, -0.269592, -0.567444
1540674793041, -0.323853, -0.722351, -0.269592, -0.567444
1540674793041, -0.323853, -0.722351, -0.316223, -0.567444
1540674793041, -0.323853, -0.722351, -0.316223, -0.522888
1540674793100, -0.214844, -0.722351, -0.316223, -0.522888
1540674793101, -0.214844, -0.782104, -0.316223, -0.522888
1540674793101, -0.214844, -0.782104, -0.344666, -0.522888
1540674793102, -0.214844, -0.782104, -0.344666, -0.472778
1540674793160, -0.051880, -0.782104, -0.344666, -0.472778
1540674793160, -0.051880, -0.831665, -0.344666, -0.472778
1540674793162, -0.051880, -0.831665, -0.390076, -0.472778
1540674793163, -0.051880, -0.831665, -0.390076, -0.391846
1540674793252, 0.065002, -0.831665, -0.390076, -0.391846
1540674793253, 0.065002, -0.845459, -0.390076, -0.391846
1540674793254, 0.065002, -0.845459, -0.430542, -0.391846
1540674793258, 0.065002, -0.845459, -0.430542, -0.309387
1540674793281, 0.193970, -0.845459, -0.430542, -0.309387
1540674793283, 0.193970, -0.836792, -0.430542, -0.309387
1540674793285, 0.193970, -0.836792, -0.464600, -0.309387
1540674793287, 0.193970, -0.836792, -0.464600, -0.215332
1540674793310, 0.329407, -0.836792, -0.464600, -0.215332
1540674793311, 0.329407, -0.790161, -0.464600, -0.215332
1540674793315, 0.329407, -0.790161, -0.500854, -0.215332
1540674793316, 0.329407, -0.790161, -0.500854, -0.127869
1540674793370, 0.446167, -0.790161, -0.500854, -0.127869
1540674793371, 0.446167, -0.737000, -0.500854, -0.127869
1540674793371, 0.446167, -0.737000, -0.504028, -0.127869
1540674793372, 0.446167, -0.737000, -0.504028, -0.061646
1540674793430, 0.560486, -0.737000, -0.504028, -0.061646
1540674793430, 0.560486, -0.679138, -0.504028, -0.061646
1540674793431, 0.560486, -0.679138, -0.471436, -0.061646
1540674793433, 0.560486, -0.679138, -0.471436, 0.049866
1540674793490, 0.639648, -0.679138, -0.471436, 0.049866
1540674793490, 0.639648, -0.615295, -0.471436, 0.049866
1540674793491, 0.639648, -0.615295, -0.426697, 0.049866
1540674793492, 0.639648, -0.615295, -0.426697, 0.173706
1540674793551, 0.722107, -0.615295, -0.426697, 0.173706
1540674793552, 0.722107, -0.509277, -0.426697, 0.173706
1540674793552, 0.722107, -0.509277, -0.404785, 0.173706
1540674793553, 0.722107, -0.509277, -0.404785, 0.235291
1540674793610, 0.795959, -0.509277, -0.404785, 0.235291
1540674793610, 0.795959, -0.392700, -0.404785, 0.235291
1540674793613, 0.795959, -0.392700, -0.326782, 0.235291
1540674793617, 0.795959, -0.392700, -0.326782, 0.324768
1540674793640, 0.840698, -0.392700, -0.326782, 0.324768
1540674793641, 0.840698, -0.287781, -0.326782, 0.324768
1540674793641, 0.840698, -0.287781, -0.231262, 0.324768
1540674793642, 0.840698, -0.287781, -0.231262, 0.396118
1540674793700, 0.844299, -0.287781, -0.231262, 0.396118
1540674793700, 0.844299, -0.273132, -0.231262, 0.396118
1540674793701, 0.844299, -0.273132, -0.146790, 0.396118
1540674793703, 0.844299, -0.273132, -0.146790, 0.436951
1540674793760, 0.825378, -0.273132, -0.146790, 0.436951
1540674793760, 0.825378, -0.300476, -0.146790, 0.436951
1540674793761, 0.825378, -0.300476, -0.107910, 0.436951
1540674793762, 0.825378, -0.300476, -0.107910, 0.465576
1540674793820, 0.850769, -0.300476, -0.107910, 0.465576
1540674793821, 0.850769, -0.182556, -0.107910, 0.465576
1540674793821, 0.850769, -0.182556, -0.057312, 0.465576
1540674793822, 0.850769, -0.182556, -0.057312, 0.489380
1540674793882, 0.863098, -0.182556, -0.057312, 0.489380
1540674793885, 0.863098, -0.125000, -0.057312, 0.489380
1540674793885, 0.863098, -0.125000, -0.035706, 0.489380
1540674793887, 0.863098, -0.125000, -0.035706, 0.487976
1540674793940, 0.862671, -0.125000, -0.035706, 0.487976
1540674793941, 0.862671, -0.129822, -0.035706, 0.487976
1540674793941, 0.862671, -0.129822, -0.055359, 0.487976
1540674793941, 0.862671, -0.129822, -0.055359, 0.485596
1540674793970, 0.862366, -0.129822, -0.055359, 0.485596
1540674793970, 0.862366, -0.132629, -0.055359, 0.485596
1540674793971, 0.862366, -0.132629, -0.054260, 0.485596
1540674793974, 0.862366, -0.132629, -0.054260, 0.485474
1540674794030, 0.858154, -0.132629, -0.054260, 0.485474
1540674794030, 0.858154, -0.162964, -0.054260, 0.485474
1540674794031, 0.858154, -0.162964, -0.041870, 0.485474
1540674794032, 0.858154, -0.162964, -0.041870, 0.484924
1540674794090, 0.874207, -0.162964, -0.041870, 0.484924
1540674794091, 0.874207, -0.050842, -0.041870, 0.484924
1540674794091, 0.874207, -0.050842, 0.048157, 0.484924
1540674794092, 0.874207, -0.050842, 0.048157, 0.480408
1540674794152, 0.874512, -0.050842, 0.048157, 0.480408
1540674794153, 0.874512, -0.034668, 0.048157, 0.480408
1540674794153, 0.874512, -0.034668, 0.029663, 0.480408
1540674794154, 0.874512, -0.034668, 0.029663, 0.482727
1540674794210, 0.874939, -0.034668, 0.029663, 0.482727
1540674794210, 0.874939, -0.032166, 0.029663, 0.482727
1540674794211, 0.874939, -0.032166, 0.021851, 0.482727
1540674794215, 0.874939, -0.032166, 0.021851, 0.482544
1540674794270, 0.875000, -0.032166, 0.021851, 0.482544
1540674794270, 0.875000, -0.035156, 0.021851, 0.482544
1540674794271, 0.875000, -0.035156, 0.018372, 0.482544
1540674794272, 0.875000, -0.035156, 0.018372, 0.482361
1540674794300, 0.875061, -0.035156, 0.018372, 0.482361
1540674794300, 0.875061, -0.036743, 0.018372, 0.482361
1540674794301, 0.875061, -0.036743, 0.016663, 0.482361
1540674794302, 0.875061, -0.036743, 0.016663, 0.482239
1540674794360, 0.875061, -0.036743, 0.016663, 0.482239
1540674794360, 0.875061, -0.037598, 0.016663, 0.482239
1540674794362, 0.875061, -0.037598, 0.015747, 0.482239
1540674794362, 0.875061, -0.037598, 0.015747, 0.482178
1540674794451, 0.875061, -0.037598, 0.015747, 0.482178
1540674794452, 0.875061, -0.037659, 0.015747, 0.482178
1540674794452, 0.875061, -0.037659, 0.015503, 0.482178
1540674794452, 0.875061, -0.037659, 0.015503, 0.482178
1540674794481, 0.875061, -0.037659, 0.015503, 0.482178
1540674794483, 0.875061, -0.037964, 0.015503, 0.482178
1540674794485, 0.875061, -0.037964, 0.015015, 0.482178
1540674794485, 0.875061, -0.037964, 0.015015, 0.482178
1540674794540, 0.875061, -0.037964, 0.015015, 0.482178
1540674794540, 0.875061, -0.038208, 0.015015, 0.482178
1540674794541, 0.875061, -0.038208, 0.015015, 0.482178
1540674794542, 0.875061, -0.038208, 0.015015, 0.482178
1540674794600, 0.875061, -0.038208, 0.015015, 0.482178
1540674794601, 0.875061, -0.038330, 0.015015, 0.482178
1540674794601, 0.875061, -0.038330, 0.015015, 0.482178
1540674794602, 0.875061, -0.038330, 0.015015, 0.482117
1540674794631, 0.875061, -0.038330, 0.015015, 0.482117
1540674794631, 0.875061, -0.038269, 0.015015, 0.482117
1540674794632, 0.875061, -0.038269, 0.015198, 0.482117
1540674794633, 0.875061, -0.038269, 0.015198, 0.482178
1540674794690, 0.875061, -0.038269, 0.015198, 0.482178
1540674794691, 0.875061, -0.038269, 0.015198, 0.482178
1540674794720, 0.875061, -0.038269, 0.015198, 0.482178
1540674794720, 0.875061, -0.038269, 0.015198, 0.482178
1540674794752, 0.875061, -0.038269, 0.015198, 0.482178
1540674794752, 0.875061, -0.038269, 0.015198, 0.482178
1540674794753, 0.875061, -0.038269, 0.015076, 0.482178
1540674794753, 0.875061, -0.038269, 0.015076, 0.482117
1540674794810, 0.875061, -0.038269, 0.015076, 0.482117
1540674794810, 0.875061, -0.038147, 0.015076, 0.482117
1540674794811, 0.875061, -0.038147, 0.015198, 0.482117
1540674794818, 0.875061, -0.038147, 0.015198, 0.482117
1540674794871, 0.875061, -0.038147, 0.015198, 0.482117
1540674794871, 0.875061, -0.038208, 0.015198, 0.482117
1540674794872, 0.875061, -0.038208, 0.015137, 0.482117
1540674794874, 0.875061, -0.038208, 0.015137, 0.482117
1540674794931, 0.875061, -0.038208, 0.015137, 0.482117
1540674794931, 0.875061, -0.038391, 0.015137, 0.482117
1540674794932, 0.875061, -0.038391, 0.015015, 0.482117
1540674794932, 0.875061, -0.038391, 0.015015, 0.482117
1540674794991, 0.875122, -0.038391, 0.015015, 0.482117
1540674794991, 0.875122, -0.037964, 0.015015, 0.482117
1540674794992, 0.875122, -0.037964, 0.015076, 0.482117
1540674794992, 0.875122, -0.037964, 0.015076, 0.482117
1540674795020, 0.875122, -0.037964, 0.015076, 0.482117
1540674795020, 0.875122, -0.037964, 0.015076, 0.482117
1540674795021, 0.875122, -0.037964, 0.015198, 0.482117
1540674795027, 0.875122, -0.037964, 0.015198, 0.482117
1540674795082, 0.875122, -0.037964, 0.015198, 0.482117
1540674795082, 0.875122, -0.038025, 0.015198, 0.482117
1540674795082, 0.875122, -0.038025, 0.014893, 0.482117
1540674795083, 0.875122, -0.038025, 0.014893, 0.482117
1540674795140, 0.875122, -0.038025, 0.014893, 0.482117
1540674795141, 0.875122, -0.038269, 0.014893, 0.482117
1540674795142, 0.875122, -0.038269, 0.014771, 0.482117
1540674795144, 0.875122, -0.038269, 0.014771, 0.482117
